,grid_res,time,RMSE,loss,type
0,40,251.2433397769928,0.742705517622001,0.0698696316852222,wave_eqn
