,grid_res,error_train,error_test,loss,lu_f_adam,time_adam,type
0,60,0.11885692133228658,0.07692661005147529,1.3868746464140713e-05,1.6655328227699329e-09,158426.78083395958,burgers1d_NGD
