,grid_res,error_train,error_test,loss,lu_f_adam,time_adam,type
0,10,0.06929170285375415,0.13447198688016118,7.951729941169106e-09,5.566902229075827e-16,114.41999936103821,burgers1d_NGD
