,grid_res,error_train,error_test,loss,lu_f_adam,time_adam,type
0,10,0.04046021029353142,0.11653841286897659,0.000678656913805753,1.0236342155856004e-11,1622.3842651844025,kdv_NGD
