,grid_res,error_train,error_test,loss,lu_f_adam,time_adam,type
0,60,0.005863865837454796,0.0024106099735945463,0.00012583537318278104,7.425274284322825e-10,162953.79460906982,kdv_NGD
