,grid_res,error_train_u,error_train_v,error_test_u,error_test_v,loss,time,type
0,10,1.5984720787117876,1.0022673925225793,1.5984720787117876,1.0022673925225793,26.194782257080078,54.01000714302063,LV_lam
