,grid_res,error_train_NGD,error_test_NGD,loss_NGD,lu_f_NGD,time_NGD,type
0,5,0.6550001920009411,0.9936547836946676,2.4360534327077763e-27,2.9156281939133785e-27,55.04735493659973,poisson_1d
1,10,0.013998882410800023,0.01648531490487703,3.6171825486013963e-28,3.5492802107638887e-28,55.532506465911865,poisson_1d
2,50,5.810375851244135e-08,5.8944768391386855e-08,1.914196363435184e-09,1.952467358710438e-09,61.955554246902466,poisson_1d
3,100,1.1795995573742052e-08,1.1795285258973715e-08,6.610335407597458e-09,6.654878452846909e-09,72.03742551803589,poisson_1d
4,500,5.919120347051566e-09,5.895605879516699e-09,1.9296716943494384e-09,1.871766338749694e-09,254.4271903038025,poisson_1d
5,1000,1.0668359501727077e-08,1.0620958758383901e-08,1.1563397170898841e-08,1.1413499129515642e-08,715.0548300743103,poisson_1d
6,2000,1.0710477659542274e-08,1.0710477659542274e-08,6.006745466077842e-09,,,poisson_1d
7,3000,5.910477659542274e-09,5.910477659542274e-09,6.006745466077842e-09,,,poisson_1d