,grid_res,time,RMSE,loss,type
0,40,67.70425295829773,0.6931424116710475,38363.35907421145,wave_eqn
