,grid_res,error_train,error_test,loss,lu_f_adam,time_adam,type
0,10,0.027219261127050486,0.12630275458125872,0.003587487619370222,2.8540798666654155e-06,58.43022918701172,burgers1d_lam_KAN
1,20,0.017756707563831565,0.09003051729817374,0.0011209988733753562,7.319895303226076e-07,179.5981261730194,burgers1d_lam_KAN
2,30,0.019638665926202264,0.06701914789593912,0.0029319440945982933,1.2031254300381988e-05,474.81726598739624,burgers1d_lam_KAN
3,40,0.018284352944410744,0.05841800216222919,0.0027351914905011654,1.416014856658876e-05,1062.818127632141,burgers1d_lam_KAN
