,grid_res,error_train,error_test,loss,lu_f_adam,time_adam,type
0,50,0.03405229135212989,0.061517661824908955,0.008459143340587616,0.00017043441766873002,2171.4271314144135,burgers1d_lam_KAN
