,grid_res,error_train,error_test,loss,lu_f_adam,time_adam,type
0,10,0.027219261127050486,0.12630275458125872,0.003587487619370222,2.8540798666654155e-06,58.43022918701172,burgers1d_lam_KAN
