,grid_res,error_train,error_test,loss,lu_f_adam,time_adam,type
0,30,0.03273169323801994,0.06913456320762634,0.008516116999089718,0.008970874361693859,2584.7525742053986,kdv_lam_KAN
