,grid_res,error_train,error_test,loss,lu_f_adam,time_adam,type
0,10,0.03903083875775337,0.2639921009540558,0.00015015419921837747,9.907789433327707e-08,1151.3825449943542,kdv_lam_KAN
