,grid_res,time,RMSE,loss,type
0,100,1287.3827426433563,3.860804264253105,1.1790330652338028,PI
1,200,1523.7850649356842,3.4064252456817115,1.034271227320012,PI
2,300,1784.521454334259,3.249801918251107,1.0537190461346384,PI
3,400,1974.876062631607,3.181291413290915,0.9936378007882425,PI
4,500,271.0040009021759,3.1332610414967785,1.0039599031600872,PI
