,grid_res,time,RMSE,loss,type
0,100,636.2090907096863,17.017303312803524,4.536844231677605,PIV
1,200,5198.7869465351105,13.220425475123655,4.343799483076623,PIV
2,300,917.8858523368835,11.892452738743978,4.396495397645772,PIV
3,400,880.8532059192657,11.199533987029554,4.340835448965663,PIV
4,500,950.2810425758362,10.80582381398274,4.3926332435713675,PIV
